Ticker,Quarter,Gross Margin,Operating Margin,Net Margin,Interest Coverage Ratio,Revenue Growth,R&D Intensity,SG&A / Revenue,Quick Ratio,Debt to Equity,Retention Ratio,Class
TRIP,2019-Q2,0.9360189573459715,0.15639810426540285,0.08056872037914692,33.0,,,0.533175355450237,,0.6292063492063492,0.4310210444271239,1
TRIP,2019-Q3,0.9415887850467289,0.1588785046728972,0.11682242990654206,-22.666666666666668,,,0.530373831775701,,0.4975728155339806,0.4683954619124797,1
REYN,2019-Q4,0.3149700598802395,0.22634730538922157,0.10778443113772455,5.4,,,0.08862275449101796,0.4021164021164021,-6.08557457212714,,1
WMG,2019-Q4,0.4314946619217082,0.025800711743772242,0.0800711743772242,0.8529411764705882,,,0.36298932384341637,0.5736076622915928,-23.36802973977695,-0.1956124314442413,1
WMG,2020-Q1,0.47054140127388533,0.13136942675159236,0.09554140127388536,5.0,,,0.3017515923566879,0.5684172918899607,-38.36094674556213,-0.17231548938866012,1
WMG,2020-Q2,0.5004668534080299,-0.0457516339869281,-0.06909430438842204,-1.4848484848484849,,,0.5023342670401494,0.5556368960468521,-22.487719298245615,-0.19039843239712606,1
ISSC,2019-Q4,0.5954313088662445,0.18180657677611856,0.20764670798844145,-8.586759383114329,,0.10879389952661273,0.3048308325635133,11.48492489710358,0.06487138586912693,0.144476577225551,1
ISSC,2020-Q1,0.5766792687370828,0.051371317463118106,0.07268385974463075,-2.938481044757195,,0.14776141833583512,0.37754653293812956,10.6471242135402,0.07059395567009688,0.15079769967162454,1
ISSC,2020-Q2,0.47469289451124236,0.010705750594873078,0.09060995043499932,-0.7876173521401074,,0.1472615156156122,0.31672562830075707,10.104223416665526,0.07444965574786018,0.15877915602486412,1
HQI,2019-Q4,,0.45517889736336237,0.5896519963921004,70.81662118843882,,,0.48956479583644164,,0.4996464110029505,0.07852892929754399,1
HQI,2020-Q1,,0.20262108004867013,0.21242282428001488,73.94764815306937,,,0.7896570396805228,,0.517171591033538,0.09251907245040171,1
HQI,2020-Q2,,0.32316967655869205,0.39883005456757864,52.52168067226891,-0.10426363949343326,,0.6656610329577144,,0.4225055384727275,0.11860774044686431,1
SWBI,2020-Q1,0.3869647838919662,0.009242712165932155,-0.017046051833582664,0.4350970688998858,,0.026110864027817086,0.35161120769821697,0.6838879159369528,0.743462481210135,0.5189143704163997,1
SWBI,2020-Q2,0.28423406283534874,0.03140971041145568,0.011353262831590678,1.1770937808489634,,0.026236310395044815,0.23661914584214408,0.8920370098399177,0.8112103907737096,0.49719706823475884,1
BSY,2020-Q3,0.7900067488682099,0.15494317650014533,0.02878860278723331,16.263185108583247,,0.2473780400695577,0.3683798282733242,,151.0280217482225,-0.374105568378455,1
AMKR,2020-Q1,0.16389500058996231,0.07294103153175038,0.05542956197033531,4.932414197711939,,0.027982433004573943,0.06297153605363799,1.8282069465110442,1.337306211670411,0.061926117867993784,1
AMKR,2020-Q2,0.16396838970457214,0.07376872374583195,0.0472534527401529,5.40369722707969,0.31006640195240726,0.026886996348395316,0.06331266961034487,1.5862468672900256,1.4164203978595398,0.0690837136889714,1
AMKR,2020-Q3,0.1780508898297887,0.09414094147588335,0.0680571895750663,7.770604730553524,0.24919435713251106,0.026465577024910213,0.05744437132899515,1.4314264525182314,1.310943669898868,0.08673816634284802,1
EA,2020-Q1,0.8026045236463331,0.32282385195339275,0.25017135023989034,42.88732788728008,0.20678246484698098,0.3002056202878684,0.17614804660726524,,0.45001285016705217,0.6939914923785891,1
EA,2020-Q2,0.7515204170286707,0.12945264986967853,0.16072980017376196,13.53134627178263,-0.14614243323442136,0.365768896611642,0.2510860121633362,,0.42043343653250775,0.6988666085440279,1
EA,2020-Q3,0.6407650926479378,0.15002988643156007,0.1261207411835027,22.836496688526015,0.050219711236660386,0.269575612671847,0.2181709503885236,,0.5597136757503454,0.6484702093397745,1
GCMG,2020-Q4,,-0.4697983124099609,0.026040594772586953,-12.316304164559096,,,0.17062409960897304,,18.200085026267043,-0.04718177763578679,1
PPSI,2020-Q3,0.1824240928165885,-0.11133053567020489,0.33053567020488767,8.2,-0.2725803555395942,,0.2937546284867934,1.7628273650454303,0.6565089365198932,-0.38863166597767673,1
PPSI,2020-Q4,0.04914050822122571,-0.16834828101644245,-0.13901345291479822,9.793478260869565,-0.19336850037678976,,0.21748878923766815,2.0861321776814736,0.5359694061620608,-0.4765819514257528,1
PPSI,2021-Q1,0.045402627070245574,-0.3158195316961736,0.10022844089091948,11.89247311827957,-0.2997400519896021,,0.36122215876641917,1.7431192660550459,0.5646984483605982,-0.439468724759939,1
AFCG,2021-Q1,,0.5310387075360645,0.2989868740801771,,,,0.09872305365736002,,0.023916165340398893,-0.001383218628229648,1
VTRS,2020-Q4,0.1949496343314475,-0.21175658893335172,-0.2527390644404581,-5.31371191135734,,0.03099213467641783,0.3757140885883814,0.700148633424533,1.6815688700493594,0.08709892287946973,1
VTRS,2021-Q1,0.25445229442701395,-0.05491727422522177,-0.2342053585535968,-1.4396449704142011,,0.04155474798546374,0.267814820666772,0.7392489552119141,1.7541455168645836,0.07330719982637947,1
MU,2020-Q4,0.3414795244385733,0.19105019815059446,0.16314398943196828,31.27027027027027,0.24353182751540042,0.10402906208718626,0.0381439894319683,1.897814619442351,0.3765001538619346,0.6219307723834718,1
MU,2021-Q1,0.3007102026675905,0.15000866100814134,0.1390957907500433,22.789473684210527,0.12227838258164853,0.11207344534903863,0.03706911484496796,1.9353023909985936,0.3454030621194277,0.6358235085954815,1
MU,2021-Q2,0.26443232841565106,0.1063181526619628,0.0966966003848621,20.71875,0.29997915363769023,0.1027902501603592,0.03431686978832585,2.307380820909258,0.3313085606079237,0.6414149810658539,1
HPK,2020-Q4,1.2711263299498594,-1.4867310749663691,8.389996331172801,-1519.625,,0.6148954384248502,-0.25253760547878196,1.4786717182973033,0.13433257560741083,-0.19929916531890768,1
HPK,2021-Q1,0.9134035851771202,0.2312478127308784,0.1844694171170821,112.20754716981132,,0.007426993817319283,0.06839833573122837,0.7877891107599483,0.15883944999342883,-0.181570259796182,1
HPK,2021-Q2,0.9027967681789931,0.43660658794282164,0.11897659001450175,138.65131578947367,,0.009591879013880257,0.03349906774394033,0.694516010305484,0.22416768271688453,-0.16002369201701458,1
PWP,2020-Q4,0.2010732506806947,0.043183800787755425,0.01541674376800867,2.117159149818559,,,0.01376192867905575,,6.3191027593923135,,1
PWP,2021-Q1,0.3553079469028633,0.1651570652878058,0.1325484976619828,7.250258531540848,,,0.01297982355920425,,0.1090655733772267,-0.0008801696978288843,1
PWP,2021-Q2,0.3565904821540388,0.19979257983719473,-0.048915936130244204,14.196607341490544,,,0.014378522229179711,,1.3410223076126597,-0.02047499230078696,1
XBIT,2020-Q4,0.5733535775289429,-0.9341431011577149,-0.34883279559688746,38.453125,,0.6568608844182957,0.8506357942683621,,0.014642653288932104,0.27581527884571894,1
XBIT,2021-Q1,0.5249484536082474,-0.7325773195876288,-0.5294845360824743,32.596330275229356,-0.6175380490497595,0.9554639175257732,0.3020618556701031,,0.01091173480110651,0.2668989155475642,1
XBIT,2021-Q2,0.6994475138121546,-2.343646408839779,-1.1310497237569062,86.21951219512195,-0.7080268421731837,2.0450828729281767,0.9980110497237569,,0.01546918213011097,0.2539355174089435,1
TRS,2021-Q1,0.24829487737628791,0.10211386833067286,0.0631741885551202,5.946478873239436,0.1309699655342196,,0.14618100904561504,1.2874299076028968,1.5895598771750257,-0.09495885440290287,1
TRS,2021-Q2,0.26498926891638885,0.11676332252614274,0.05406639572583223,6.206310679611651,0.09741919318466549,,0.14822594639024614,1.945324768022841,1.0832496653279786,-0.10820514880115667,1
TRS,2021-Q3,0.26274615592123013,0.1385666756586638,0.08807661181548422,8.959302325581396,0.11511079915772586,,0.12417948026256631,2.088288418466874,1.0482159135304077,-0.09149142466580834,1
CNXC,2021-Q1,0.3591649313740414,0.09967575028929754,0.06562657487966257,17.51122939114631,,,0.25948918108474384,,1.143262106795442,0.017343022612070772,1
CNXC,2021-Q2,0.3523883148718353,0.09360249598869388,0.060519257919318364,19.010229799851743,,,0.2587858188831414,,1.0168805993276855,0.03365482611558845,1
CNXC,2021-Q3,0.3444914335362795,0.10834059163314251,0.07854995272860782,31.096754313886606,,,0.23615084190313695,,0.9524233607651549,0.0561877175891916,1
LKQ,2021-Q1,0.4080731630400505,0.119520655944497,0.08388520971302428,15.791666666666666,0.056670670974213036,,0.26773888363292336,0.8459369636538394,1.1529991990078032,0.3980869383552445,1
LKQ,2021-Q2,0.4119359534206696,0.13071324599708878,0.08879184861717612,28.0625,0.3079122408020643,,0.2622998544395924,0.7788698403445594,1.1017029830252552,0.4298562179195323,1
LKQ,2021-Q3,0.40764331210191085,0.11586290567182286,0.08613891416439187,23.875,0.08180506902946631,,0.2723688201395208,0.7904135585221115,1.0971050839676106,0.4518654410690755,1
DNUT,2021-Q2,0.7565280394975744,0.026132204613014267,-0.04909131523027842,0.6244012590666485,,,0.20327848195517575,0.10337097737731013,2.746919030610453,-0.05249549066130502,1
DNUT,2021-Q3,0.7311777455593511,0.00532090233635454,-0.016508216184994706,0.2538268856109101,,,0.18965049489642619,0.2589763224426293,1.3435105624441062,-0.05605226228607858,1
METC,2021-Q2,0.24054327675296158,0.09433714188043178,0.13071775116031398,25.353356890459363,1.090971573101666,,0.06790959412019933,1.034428583037625,0.332481259774578,0.09670473769841591,1
METC,2021-Q3,0.2824017701664114,0.11682836456001153,0.09210888094583448,9.563772775991426,0.9356040447046301,,0.07718292156015555,1.9567368211832779,0.5432053537797913,0.10341241925345387,1
METC,2021-Q4,0.4098165819096052,0.25889949145763097,0.21300497114450603,19.90773286467487,0.7108864818363118,,0.06699045768813211,1.5210030004286326,0.5588513980878744,0.14304644215017948,1
ZYXI,2021-Q2,0.7657468893043646,0.12297724195732061,0.09051640771065696,84.77777777777777,0.6104448943570576,,0.642769647347044,5.82926554943201,0.4606980802792321,0.30504910511601235,1
ZYXI,2021-Q3,0.803455413097223,0.23129994825504513,0.17555913298453402,447.0,0.7370418456007191,,0.5721554648421779,5.898173338515352,0.43134594449615826,0.3487428766685405,1
ZYXI,2021-Q4,0.7689095637522435,0.19010292663272407,0.18249636765442048,-12.804276315789474,-4.198711189220855,,0.5788066371195194,3.145161995540204,0.8028271897193101,,1
CEG,2021-Q4,0.08911785972523499,-0.010665220535068692,0.007592190889370932,-0.8194444444444444,,,,0.28456644098213557,3.140347856035819,,1
ASO,2021-Q2,0.35862977455024475,0.1420897221927626,0.10633927425161734,20.939211976638973,0.11523138407141345,,0.21654005235748217,0.5123958478797188,2.2011393889824524,0.2720754540273503,1
ASO,2021-Q3,0.3521093423824158,0.13568161627830325,0.10127166396177788,18.917454481792717,0.18065624175361505,,0.2164277261041126,0.35017835592762214,2.39826699825726,0.25412152921463776,1
ASO,2021-Q4,0.3229580805874579,0.1095965097568663,0.07839223210780383,18.25232526015287,0.13210795299467396,,0.2133615708305916,0.4825961973542955,2.125500188827673,0.27657068576688026,1
ARKO,2021-Q2,0.13548596879067804,0.02395835405960999,0.013362034208566907,3.813953488372093,,,0.09766867349385856,1.0969895120764674,8.083256529425464,-0.006813787176575305,1
ARKO,2021-Q3,0.13455671016986048,0.026890605167607443,0.017461227710939876,3.792833379539784,,,0.09686770124956819,1.2095223241656001,7.246069916436176,0.005933564304611474,1
ARKO,2021-Q4,0.12806224710228573,0.014266134528381129,0.006478708181500399,1.7546551190844417,0.4881785091156505,,0.10053138383617384,1.1893892281249847,7.319125414220926,0.009056257487828297,1
CXDO,2021-Q2,0.6264059525869528,-0.21526215608236718,-0.17390551998615678,-56.54545454545455,0.42550567340897877,0.06713964353694411,0.7745284651323758,1.3549875754348597,0.20040790038643194,-0.6617825525989703,1
CXDO,2021-Q3,0.6202043132803632,0.006015891032917139,-0.014188422247446084,2.2083333333333335,1.126478397296645,0.04063564131668559,0.5735527809307605,1.5585114115423753,0.17691113343684356,-0.6716720989187231,1
CXDO,2021-Q4,0.591929746554024,-0.08859493108048021,-0.06691863050244554,-39.85,1.0809622947027526,0.03334815473543797,0.6471765228990662,1.1189135802469137,0.17015758421427812,-0.6809026337619245,1
IRMD,2021-Q2,0.7473990672981176,0.18798638957769712,0.14980944246746547,,0.44383630634030213,0.046244591084400745,0.5131680866360196,10.190120423496628,0.16451675210456165,0.5362028184351706,1
IRMD,2021-Q3,0.7706357630878837,0.28301086739873893,0.23619599053918192,,0.4166990514211019,0.04407102691389676,0.443553868775248,10.625443691487863,0.15476392251468252,0.5497837657960014,1
IRMD,2021-Q4,0.7790667960373491,0.26190530335572054,0.32786262113761977,,0.38928156574920114,0.041679174183810806,0.4754823184978177,10.544880610580151,0.14835875497545467,0.5670139443312158,1
SIGA,2022-Q1,0.35525221585625316,-0.19654502906211171,-0.049317758868069266,,,0.04485107784974249,0.5069461670686224,22.21265000586972,0.10021561995258334,-0.31806045369245756,1
EWCZ,2021-Q3,0.7383240497031278,0.004958070637203893,-0.11285221684927874,0.025538623226484498,,,0.6344086021505376,1.6008504492939666,0.7435782236418762,-0.009194871087275635,1
EWCZ,2021-Q4,0.7218896869734859,0.14746829830628713,0.04690963908841004,4.1575,,,0.4619357985279773,1.7482324970280922,0.7976708543228979,-0.005684346772865762,1
EWCZ,2022-Q1,0.7360322282393343,0.13967771760665698,0.04149605952538194,4.210351692103517,,,0.48496455774226216,2.09071397911003,0.7896788699180413,-0.002586879257975807,1
LFVN,2021-Q3,0.8290091138258677,0.04048865619546248,0.03343028892767113,1044.0,-0.08037163186333078,,0.7885204576304052,1.29281321542398,1.1084259571123836,-1.242295557715092,1
LFVN,2021-Q4,0.8213998831605083,0.12012560245362933,0.08958302906382357,387.05882352941177,-0.07734806629834254,,0.7012742807068789,1.2662804079526966,1.1390496372972532,-1.1729157140679773,1
LFVN,2022-Q1,0.8228055012776191,0.08665263790771081,0.062302720577183224,1537.3333333333333,-0.02923741951957977,,0.28325567413197056,1.294006734006734,1.0261860091128383,-1.2238845456830298,1
FIP,2022-Q3,,-0.08118738782316476,-0.4431446428798737,-0.33286362924690777,,,0.040835550350691835,,2.1263298366191883,-0.0056892425483118375,1
LOCO,2022-Q1,0.45111224193079386,0.0319587816225647,0.019218886304158186,8.179069767441861,0.021602101725754497,,0.09045143937191044,0.6209712620210923,0.9310152531954399,-0.049681674980309794,1
LOCO,2022-Q2,,0.08636623667523427,0.05753720459910886,25.58233890214797,0.017428372340861583,,0.07798664099072604,0.7586728073802632,0.9126644701290441,-0.037353709943284095,1
LOCO,2022-Q3,0.47077862493535094,0.05926024791871736,0.04178414721633661,65.77777777777777,0.03611063094209162,,0.0822085787217004,0.5375003557908519,0.828069472642795,-0.03009451017565645,1
CRCT,2022-Q2,0.4648965753685574,0.10899720826961694,0.07524611307324347,,-0.45064022266534726,0.10913869947811512,0.24676066762082532,1.7652874158467116,0.2998091341004586,-0.006580399937037753,1
CRCT,2022-Q3,0.46234943162557346,0.09842595312888427,0.07030667359714343,,-0.31947125181670677,0.10591764785644874,0.25800583064024046,2.0745933309523035,0.23846268811456592,0.006756866944624133,1
CRCT,2022-Q4,0.29780239350334803,0.03952129933038894,0.0387911383387947,,-0.2760671022571978,0.06262288075224391,0.1956582134207152,1.8089712504329754,0.4115914884761459,,1
LIN,2022-Q2,0.4158685112924205,0.07390327539316542,0.04398722951401206,125.0,0.11511075949367089,0.004375073903275393,0.09116708052500887,0.62020268061458,0.8977826510721247,0.2459908839956346,1
LIN,2022-Q3,0.39922700920768445,0.18722291690348983,0.1447084233261339,91.5,0.14723526343244653,0.003978629078094805,0.08752983971808571,0.6206759179337361,0.9087033565320116,0.2670102121819625,1
LIN,2022-Q4,0.43954931003924547,0.34434738574503104,0.20205089251804026,87.74193548387096,-0.04808387563268257,0.004557538928978352,0.09672110393720725,0.6717033800594696,0.9247106579360669,0.25786487232920735,1
MCRI,2022-Q2,0.5532184336753724,0.22257977777585025,0.1685763602772164,36.65857142857143,0.17980126689794207,,0.20034001509250665,0.5552342040429081,0.4264520825108567,0.6461991970997571,1
MCRI,2022-Q3,0.5867999730794828,0.2718673117620226,0.20559049406626934,41.788505747126436,0.19794858013078923,,0.19181616277939384,0.536828999324108,0.3362535653996158,0.6908787291353561,1
MCRI,2022-Q4,0.5570783832216102,0.23292626269330324,0.18611037366429947,140.38,0.08524507508913458,,0.20467744076458486,0.6953305476287539,0.2857164062239078,0.7189880249717869,1
IRDM,2022-Q2,0.7324990424139173,0.11890646527821448,0.02605205838130792,1.4072395128552098,0.16675671529292485,0.01707075846534682,0.16385870031271618,2.972261534106991,1.6050059943916877,0.006828885885029916,1
IRDM,2022-Q3,0.7132239487123764,0.09710963816146909,0.01167554058459198,1.0137250453720508,0.13505880031327278,0.02643159839182875,0.1746169727262849,2.515090352896654,1.6745262628406152,-0.012330405094769398,1
IRDM,2022-Q4,0.7060865886625808,0.0968499143605935,-0.004168472316803896,1.037182320441989,0.24343915785152065,0.029653934253699003,0.18881425534988341,1.8818593415597167,1.6175162043498101,-0.01616243135181284,1
PRPL,2022-Q3,0.4129715049661573,0.006299565329992231,0.013691055317183114,1.2552301255230125,-0.1634490956253916,0.013488069323216698,0.3931838703129484,0.951854513293903,1.765540488838234,-0.40977468792413485,1
PRPL,2022-Q4,0.345878521187762,-0.0827622050518,-0.49659401961124006,-10.96694214876033,-0.22082795635059907,0.02035272513079935,0.4082880011087627,0.8994079222248265,1.473771343430134,-0.8197206305543312,1
PRPL,2023-Q1,0.3802036972837239,-0.2308131962858508,-0.24298443692786267,-121.95049504950495,-0.25459040781120135,0.03159462928780908,0.5794222642817656,0.9052221564972823,1.041061367621274,-0.8586174667607415,1
GEHC,2022-Q4,0.39125151883353587,0.15735115431348723,0.1328473066018631,13.169491525423728,,0.05488051842851357,0.17901984609153504,0.6684754521963824,1.8710383653044202,,1
GEHC,2023-Q1,0.4017420862545146,0.11875929466751646,0.08370512003399193,4.110294117647059,,0.05736137667304015,0.22562141491395793,0.8921806702282662,3.7320574162679425,0.0056684131507185095,1
NSSC,2022-Q3,0.41868820498537807,0.1276145383651302,0.09115722044283527,,0.27196400736857024,0.055953209859351066,0.23512045676089682,3.2676781002638524,0.293648097826087,0.7685586334660773,1
NSSC,2022-Q4,0.44470147354784983,0.1895486825973305,0.17435055171297045,482.0,0.2201586271133817,0.04871729625945546,0.20643549469106387,2.9764088627184537,0.3056920143069311,0.7599545013999569,1
NSSC,2023-Q1,0.3688248550376016,0.09237079988858785,0.07808978806370749,,0.2718753019226434,0.061479249487250906,0.21497480566176286,2.875729774812344,0.2558339891479932,0.7870354490164778,1
PRDO,2022-Q4,0.8227766896590877,0.14442646683130375,0.09057878452411365,-8.294750570590153,0.10187727935242932,,0.6506571290698004,3.5084556955827177,0.31897030357721,0.36332841707681895,1
PRDO,2023-Q1,0.8269358582398593,0.2244705978588738,0.17630037116943936,-11.793177544990598,0.06908105094584033,,0.5761101851757175,4.304308896765552,0.2651700272737305,0.3970075139250601,1
PRDO,2023-Q2,0.8244677429729208,0.2618886816320405,0.2930522501661628,-11.016685456595265,0.11259273395195725,,0.5391608241675779,3.985929867139612,0.27918862438669817,0.4311028243905808,1
FA,2022-Q4,0.4924386744749406,0.13519603001011313,0.09476234154142854,5.530498364441024,0.00029642594997459205,0.056266610221312824,0.13605682165620075,,0.6738814753536692,-0.014509829915289065,1
FA,2023-Q1,0.4811930264357338,0.06430606198723793,0.010967411121239746,1.3001958299735052,-0.07563157977891416,0.07192342752962626,0.1634115770282589,,0.6685793807971809,-0.02757699861933697,1
FA,2023-Q2,0.49816798424304565,0.0951730836683485,0.052785797156193505,4.537432467198354,-0.0806009098982442,0.06822437471332596,0.1617893856406659,,0.6800105656845576,-0.03727083155388162,1
MEIP,2023-Q1,,-2.086941580756014,-1.904238258877434,37.95625,0.12543509088565166,2.229438717067583,0.8575028636884306,,3.3846628069046854,-2.388897379312031,1
MEIP,2023-Q2,,0.2726745074079731,0.3132121582404155,-10.563313609467455,1.7666497633536173,0.4677867725675882,0.2595387200244387,,2.051205192872204,-2.5781339981978197,1
MEIP,2023-Q3,,-2.7809636918900575,-2.6192738378011535,17.12748171368861,-0.3919950484835981,2.5626060400407193,1.2183576518493384,,2.906008033998952,-2.9508670735615223,1
BKNG,2023-Q2,,0.3062980593189308,0.2361772244599048,-66.92,0.272007452258966,,0.5139143170999634,,-40.93684210526316,1.0956020784697642,1
BKNG,2023-Q3,,0.42269445579621306,0.3420514916223948,-88.65714285714286,0.21298744216787838,,0.42432911047541205,,-42.016,1.2330017554125219,1
BKNG,2023-Q4,,0.12729933110367894,0.04640468227424749,-21.0,0.18152630279081255,,0.6686872909698997,,-9.870991253644315,1.307616465368499,1
HUBG,2023-Q2,0.12977888668687565,0.05883059640813408,0.04469649059744613,59.48590864917396,-0.2575849687753308,,0.02571646057232268,,0.7383618420399122,0.674942375864362,1
HUBG,2023-Q3,0.11092712485424483,0.04077729585738192,0.02972088189806164,59.78540772532189,-0.243891318253484,,0.023560865895485613,,0.7912892525051134,0.6580665302323542,1
HUBG,2023-Q4,0.10867665018989404,0.028594256174728914,0.029222667897094788,273.45631067961165,-0.23374507877461195,,0.029704890139621104,,0.7961373876285065,0.6638551767052775,1
META,2023-Q2,0.8142129441545048,0.29350917216163,0.24338260570642833,,0.11022829782804802,0.29200912528516515,0.22869464670770961,,0.5420679981795528,0.32890153274500694,1
META,2023-Q3,0.8181338956246705,0.4026240262402624,0.33921982076963625,,0.23208486685429747,0.27063199203420607,0.14487787735020208,,0.5137499737529134,0.3477301941056253,1
META,2023-Q4,0.8081573633167959,0.4084665054473835,0.3494552616489242,,0.2470387066687393,0.2621974022088704,0.137493455660542,,0.49915778752742085,0.3574119317315774,1
WLFC,2023-Q3,0.9280911627027283,0.3760839756016833,0.13823821457279303,2.087392399748058,0.39191270353161073,,0.2510284174192633,0.9067265063151088,4.400348634514817,0.14899897014971256,1
WLFC,2023-Q4,0.8911970598529927,0.3593017150857543,0.09584354217710886,1.843863666981005,0.2879957622820562,,0.2593367168358418,2.263019651525778,4.424826201048418,0.1499733820349095,1
WLFC,2024-Q1,0.9304770622171091,0.42392281014082617,0.1752475164381146,2.194583315219754,0.3300161947841626,,0.24840657356633608,1.3112279854295952,4.225875534660875,0.15619515252039476,1
GOOG,2023-Q3,0.5667270806983689,0.27829136948613303,0.25672486406842865,,0.1100127366410004,0.14679305803658743,0.14164265317564836,2.0088417637174807,0.45207941376710276,0.5183798785513888,1
GOOG,2023-Q4,0.564650677789364,0.27455683003128256,0.2396825396825397,,0.13494108983799705,0.14034294983200093,0.1497508979260804,,0.41997819175027085,0.5249781307779479,1
GOOG,2024-Q1,0.5814201815269621,0.3162691366915407,0.2937955524652653,,0.15406880937710463,0.1477917530637331,0.11735929177168825,,0.39101364549043177,0.5395114766171597,1
DWSN,2023-Q3,0.5244980619311006,-0.24789861068768781,-0.22638386829841906,33.48235294117647,2.090725535065285,,0.10866251469883716,,0.5836726140581966,-2.2973856826903085,1
DWSN,2023-Q4,0.4486355016901641,0.007420232500618353,-0.08681672025723473,-2.0,6.236873508353222,,0.14790996784565916,,0.8479406284135449,-2.149550583285523,1
DWSN,2024-Q1,0.4581433637284701,0.18370060790273557,0.1850937183383992,-86.59701492537313,0.07399347116430903,,0.07070035460992907,,1.119589141599413,-2.209311180339218,1
ADBE,2024-Q1,0.8861443458124276,0.3680046314164415,0.11964492473948282,70.62962962962963,0.11321160042964554,0.18120416827479738,0.32883056734851407,,0.8597024579560155,1.1759243156759764,0
ADSK,2021-Q2,0.9005378880815325,0.13975653486835896,0.1090874775879966,11.402476069621162,0.16055196583068668,0.2613003680286874,0.48941411059733886,,4.588642867901792,-0.18051100989138344,0
AKAM,2021-Q1,0.6360696706332443,0.22484656607033515,0.18475557369812556,14.293904646952324,0.10258510379404999,0.09735875297255989,0.3003044945580201,,0.8091329055207813,0.09730785170480127,0
ALXN,2019-Q4,0.9174311926605505,0.39406198078451204,0.6422018348623854,25.138248847926267,,0.1947554720797515,0.27522935779816515,3.725027212593151,0.5565038414450221,0.2644574398960364,0
AMD,2020-Q2,0.4389233954451346,0.08954451345755693,0.08126293995859213,12.357142857142858,0.26192031352057477,0.23809523809523808,0.11128364389233955,1.5550534100246507,0.9918305597579425,-1.0293179401488683,0
AMZN,2022-Q3,0.44714833085498934,0.01986609074672898,0.022596203019645794,7.426470588235294,0.1469967151572032,,0.11073870386542986,0.675505653199205,2.115609248739899,0.19356292108076814,0
AN,2020-Q4,-0.11187328510850586,-0.03382162860835847,-0.017177260255334587,8.696793002915452,-1.7947340913699352,,-0.07165695367241888,0.3730766461924378,2.0556602895818523,0.4115826523181487,0
AZO,2023-Q3,0.5246557851394229,0.2098697947288635,0.15834653655836722,11.552231776405206,0.058293934992608445,,0.3147859904105594,0.11874663834280356,-4.626093872084587,-0.24516849103361332,0
BIIB,2020-Q3,0.866976689079115,0.313201623174669,0.2077841296170137,,-0.06222049387517013,0.3379343028938716,0.16975208080329374,1.791640378548896,1.3206384661920052,0.5599159384136584,0
BSX,2023-Q4,0.6920805369127517,0.16563758389261746,0.13530201342281878,9.492307692307692,0.14898210980876003,0.0974496644295302,0.3702013422818792,0.8167443746199068,0.7990680526396641,0.023310753116639153,0
CELG,2019-Q2,0.9656818181818182,0.5106818181818182,0.35704545454545455,11.703125,,0.25,0.18022727272727274,3.315875169606513,2.898418067853945,0.5276522981905418,0
CERN,2019-Q3,0.1835566394389924,0.062106660846156646,0.057320130849542614,,,,0.10656080614063808,2.1864334522102724,0.5726615505250532,0.8413755526181885,0
CHTR,2020-Q2,,0.16834815321477428,0.06549247606019151,2.057471264367816,0.030757028289415705,,,,2.987143210351364,0.00828188733325984,0
CMG,2023-Q4,0.40089098365867615,0.14703018693965791,0.11210259426464042,,0.15395815553432796,,0.0672597284924016,0.8214103092783506,1.6269817814406407,0.7529478409847792,0
CNC,2022-Q4,,0.00835184612356233,-0.0059897078259891455,1.706896551724138,0.09190002456398919,,0.08992997947189336,,2.171597144861163,0.12151684662417067,0
CRM,2020-Q2,0.745486313337216,0.034556396816152204,0.5096097845078625,,0.2887165374030523,0.1743350805668802,0.5365948359541837,,0.5031217481789803,0.07935271720318449,0
CTXS,2019-Q4,0.8528357431191754,0.23657762251751308,0.2557509480466719,28.412576004745663,,0.15826297845331636,0.4527853617395406,0.8185741230797331,4.239532695999312,1.061796211647223,0
CXO,2020-Q1,0.8221258134490239,-2.9045553145336225,-10.06182212581345,-63.76190476190476,,,0.07483731019522777,2.136711281070746,0.6247762262799856,-0.4405024239753195,0
DISH,2021-Q2,0.35681998502326745,0.2020829247419188,0.14955493251555618,1682.2597402597403,0.40785481426630565,,0.11319668550644535,1.5407035479630762,1.6907817808012195,0.24420424626973364,0
DLTR,2020-Q2,0.30524404230916274,0.059720275264432264,0.041656046896903276,10.772988505747126,0.0935442288262551,,0.24552376704473047,0.45732448350004673,2.0337853704355995,0.20996223109670553,0
DVA,2020-Q4,0.29202993678497596,0.14089729124689104,0.059811958880977734,6.7696174899535295,0.0023245833137835576,,0.1048141995964647,1.2265442666275737,4.864620716795891,0.05018313547810768,0
EA,2023-Q2,0.7617554858934169,0.1980146290491118,0.2084639498432602,27.111951255716132,0.005252100840336135,0.31452455590386624,0.23667711598746083,,0.7345214521452145,0.5788872821371489,0
EBAY,2024-Q1,0.7261345852895149,0.282472613458529,0.17214397496087636,10.93939393939394,0.018326693227091632,0.13732394366197184,0.30477308294209704,,2.4143153196237845,1.7193949014847325,0
EW,2021-Q1,0.7588361006082525,0.3167844813414434,0.2779878349498603,-1284.6666666666667,0.07787720386285107,0.17014630938681571,0.27190530987999345,2.8802252816020024,0.5485359778035377,0.6797066692543355,0
FCX,2019-Q3,0.038058991436726926,-0.0019029495718363464,-0.06565176022835395,-0.04878048780487805,,0.00792895654931811,0.03203298445924516,1.6048506359065364,1.3339984038308061,-0.3001489876169309,0
FFIV,2022-Q3,0.8061744612209557,0.15932677823771513,0.12308447296319579,,0.035260891921137655,0.2056923177284103,0.44115536525483035,0.9301396505908294,1.161567552093535,0.46098920018345885,0
FTI,2022-Q4,0.12588526912181303,0.017233238904627007,-0.022013692162417376,1.028169014084507,0.11232193264622858,0.012924929178470254,0.09572710103871578,1.0316900488544034,1.8822595904416028,-0.5304787014389631,0
GOOG,2023-Q1,0.5613509679453194,0.24954504420594092,0.21567054035851949,,0.02611342282866007,0.1643285998824996,0.14747732385687878,2.318964766026665,0.4162495112957753,0.5321509860862647,0
HCA,2024-Q1,0.4014649057039045,0.1476440394486418,0.09198915739085299,5.0,0.11211596433840036,,,1.018111254851229,43.85196850393701,-0.02080334257926337,0
HOLX,2023-Q1,0.5752187674548501,0.24529882703407188,0.17445540867622417,35.13333333333333,-0.26979811025763034,0.06963321541612362,0.2532116924222677,3.4966534197866554,0.8243102601865488,0.19242650936998806,0
HSIC,2019-Q2,0.313515211655072,0.07117047078898958,0.04678925430596198,19.07929032964626,,,0.24234474086608246,0.9539363066537299,0.9047868625211841,0.4077966215605363,0
IDXX,2021-Q4,0.5697499656717722,0.248649964423473,0.20318690783807064,27.25656814449918,0.11117738279852081,0.056555443208628244,0.264544558039671,0.8992193342142725,2.532219214135816,1.1982752359979862,0
ILMN,2019-Q2,0.6837708830548926,0.24463007159904535,0.3532219570405728,-41.0,,0.19809069212410502,0.24105011933174225,6.104575163398692,0.6096491228070176,0.5154166069123763,0
INCY,2020-Q1,0.9519460622296647,-1.1525750782312267,-1.2676044446242527,-1088.4501661129568,,1.909012553935132,0.1955085865257596,3.3813099409628693,0.42044288109588535,-0.7816388620640294,0
ISRG,2020-Q1,0.6713960900409277,0.2573897235106867,0.28512960527512504,,,0.1337880854934061,0.28021828103683494,4.304049053811185,0.15949827091026317,0.25992053462203396,0
IT,2021-Q3,0.6893171388986423,0.2006361769879666,0.12874454501583524,7.3417513212443435,0.1625387837340567,,0.44329410991436347,,19.910291862352658,0.40597777812407476,0
KMX,2019-Q2,0.13332683477176493,0.030129842029197,0.04491294330812545,-1.0521005201554505,,,0.09434892276728747,0.5585929445322703,4.576612524736561,0.11456930980115743,0
LKQ,2023-Q3,0.3895739910313901,0.09389013452914798,0.05773542600896861,5.403225806451613,0.14948453608247422,,0.2743834080717489,0.6428772127001967,1.529264632316158,0.4742879746835443,0
LVLT,2022-Q4,0.5735211267605633,0.11098591549295775,-2.784225352112676,2.5256410256410255,-0.10714285714285714,,0.1616901408450704,,1.906590173580465,,0
MHK,2023-Q3,0.25017172191894727,0.051480423701240015,-0.27489967824735184,7.08457711442786,-0.051906418388922994,,0.19869129821770723,0.9360347290042508,0.8068753016960993,0.5199039920477955,0
MNST,2023-Q2,0.5251981038954457,0.28238059991557773,0.22311574205603243,,0.12064630329978372,,,4.13502812709663,0.18132761943433012,0.5527233271634912,0
MTD,2023-Q1,0.588503969903245,0.2677525846901925,0.2028839134395276,13.675318961724592,0.03447016064986171,0.04896644694197933,0.25264175687868917,0.855582629407647,-140.35620581143488,2.027259687727554,0
MU,2021-Q3,0.4211802748585287,0.3039757011587173,0.23376448396658583,59.37125405263158,0.3648400147112909,0.09027216383724064,0.030988951765022903,2.567557671182717,0.32381267895596205,0.6515917987952022,0
MYL,2019-Q3,0.36208934058142284,0.09177161765202417,0.06408481615288517,2.108611326609775,,0.056690414289090725,0.21362730864030793,0.8356512378902046,1.708925798628679,0.1935562819005909,0
NFLX,2023-Q3,0.4227371047434763,0.22435828692943813,0.1963810815405141,10.91570547324892,0.07773289783257749,0.07693567579540671,0.12144314201863149,,1.239127066871537,0.43738720861505886,0
ORLY,2019-Q3,0.5334764907775205,0.20114658462240037,0.14674250561029173,15.236719504573603,,,0.3323299061551201,0.08204976626629008,61.4039610393517,-0.10547682556674602,0
PWR,2021-Q1,0.13792447868216265,0.04001470642085442,0.03320078074228218,8.754086421751092,-0.021892879948048095,,0.0900109891288628,1.6926002114225307,0.9536747833356887,0.3910409149306087,0
PYPL,2019-Q2,0.6220673635307782,0.23716608594657376,0.19117305458768874,,,0.11219512195121951,0.1800232288037166,,1.9983889956007188,0.15236304271455436,0
QRVO,2021-Q2,0.4951635055383478,0.2886760225867717,0.2542836156679796,23.64193906178639,0.18387010370728063,0.12617187997909576,0.07447850942602577,2.1537005745184183,0.6025486943694617,0.07208555028894777,0
REGN,2022-Q2,0.8960170796584068,0.45740585188296234,0.29822903541929163,99.76335877862596,-0.4439622457915734,0.27799944001119975,0.16670166596668068,4.387553973433534,0.3150649174876014,0.7643186379374987,0
RIG,2022-Q4,,-0.09570957095709572,-0.5775577557755776,-0.23107569721115537,-0.024154589371980676,,-1.981848184818482,1.0397946084724006,0.8936249073387694,-0.1506654922685457,0
SNPS,2020-Q3,0.7998120593195551,0.21638174776535213,0.2623193456511232,1295.9999503022245,0.1303258027832163,0.33460286640653686,0.23852700973101248,0.9853740522312898,0.6654470883010234,0.4695062799725965,0
SRCL,2023-Q2,0.37505601194921584,0.045108289768483946,-0.07393577296489919,1.581151832460733,-0.015151515151515152,,0.3299477221807319,,1.099685838569357,0.2632790470161708,0
TDC,2024-Q1,0.610752688172043,0.1032258064516129,0.05161290322580645,4.0,,0.16129032258064516,0.34623655913978496,0.7240384615384615,31.314814814814813,-1.0991404011461319,0
TDG,2020-Q3,0.48043052837573386,0.27984344422700586,-0.005870841487279843,1.0916030534351144,0.028891515369947912,,0.15949119373776907,3.28709872804361,-5.350083752093802,-0.24352274602563398,0
TRIP,2021-Q4,0.91701244813278,-0.11618257261410789,-0.12033195020746888,-2.5454545454545454,1.0775862068965518,,0.7136929460580913,,1.9011406844106464,0.1052861511577108,0
UA,2022-Q2,0.4550745598082367,0.0760994507015417,0.05534250298463159,33.63111323791953,0.16232122980257987,,0.37753886423386784,1.4024275372254367,1.663736390844816,0.14212492943679708,0
UAL,2022-Q2,0.30019815059445176,0.08173712021136063,0.027163143989431968,2.712328767123288,1.2138548711387316,,0.03244715984147952,0.9903600068247739,16.755045408678104,-0.007317315752831019,0
ULTA,2023-Q1,0.40043723804343,0.167815438321838,0.131745007996544,-60.1619488296135,0.12292164076830181,,0.23237201448754358,0.5720943754207723,1.663794777975767,0.19705494278997843,0
URI,2022-Q3,0.4477220583415274,0.30154047853162896,0.19862340216322516,8.679245283018869,0.17526964560862865,,0.11668305473615208,0.9425795053003534,2.371478041869983,0.4209813716793501,0
VAR,2020-Q1,0.4425141754131982,0.1480275075401134,0.10640608155386656,72.17647117647059,,0.08095065629147062,0.2135360115816142,1.001563721657545,1.3963280030151295,0.22090907048329475,0
VRSK,2021-Q3,0.6504611330698287,0.3806324110671937,0.2657444005270092,9.66220735785953,0.08011953892130354,,0.15164690382081686,,1.8028751188821421,0.6715432300163132,0
VRSN,2023-Q3,0.8708477278766942,0.6757905926122775,0.5009301089556205,13.52659574468085,0.05435696273465957,0.057666755248471965,0.13739038001594472,,-2.038263744336966,-8.049472256618904,0
WAT,2020-Q3,0.5581861417619876,0.2667367258127535,0.21349345890087978,22.927620150550087,0.028592809703470425,0.05889515379329857,0.22807957102245935,1.3358391443779183,-65.43534306534234,2.571460456255883,0
CPRT,2024-Q3,0.46617946718544717,0.3878460939322729,0.339133242670939,-12.071428571428571,0.10317557404306583,,0.0783333732531743,7.290915624327334,0.11317745261170292,0.7771271979539193,0
MSTR,2022-Q3,0.7975031908104658,0.05412412252712189,-0.21600989151244415,0.4821288993107369,-0.0205790896448271,0.2432833439693682,0.5000957243139758,,-13.70806684341127,-0.46308587718629657,0
EW,2022-Q3,0.8075815011372252,0.3444275966641395,0.2604245640636846,-65.84057971014492,0.006716531827201954,0.17710386656558,0.28605003790750566,3.0026146639067437,0.3892695165492618,0.8325345558102383,0
AXON,2023-Q1,0.5949749739828535,0.04841375570992558,0.13158408712610373,-1.718187461204221,0.3377855599666181,0.2067583364184665,0.3398028818544614,2.9741076109308633,1.1439484816410608,0.10045416328534826,0
COIN,2023-Q1,0.8752551684143897,0.049934695008213285,-0.10212691044608034,1.7912332838038634,-0.3377013398077563,0.46345315192051045,0.4048223432388946,,23.546816656933828,0.011820222729403777,0
NET,2023-Q2,0.7561670567336803,-0.18208457863037855,-0.306219894066011,3.7455491098219644,0.3154440829449464,0.29047566565314076,0.6477759697109182,,2.946827372809792,-0.38387688654070257,0
IDXX,2023-Q4,0.5835918549336125,0.2720737887380338,0.2157506480139219,43.53958111466099,0.08814364059437488,0.05746666208222928,0.2540514041133495,1.589304779294901,1.1959306986049456,1.3633967039118997,0
VEEV,2021-Q4,0.7201209477259479,0.24658753159120822,0.1999921730013862,,0.22365605490458992,0.21683875764934635,0.25669465848539336,,0.3107626397109255,0.45252504608322097,0
ALNY,2019-Q2,0.9032517779666324,-5.284049738336986,-4.908552131323523,26.907072087461565,,3.665294985910453,2.5220065303931656,6.15691227130528,0.5458790857019283,-1.193622025532955,0
FTNT,2020-Q2,0.78125,0.19057642487046633,0.18426165803108807,-29.425,0.18382211999233275,0.1329339378238342,0.4577396373056995,1.292077672312178,5.123552123552123,-0.18408094637602834,0
RBLX,2022-Q3,0.09428885450650658,-0.5794918747476855,-0.5752249824707798,108.73758608191373,0.0164351233763174,0.45498901888519955,0.2187917103689925,,10.86624367335307,-0.321214157723878,0
TTWO,2019-Q1,0.553214952475581,0.09571493859848758,0.0856309174238934,-4.962147438609133,,0.12831500631870318,0.30835641556528803,1.4403827794558821,1.0927793198285791,0.2116030746947819,0
HOOD,2021-Q4,-0.11019283746556474,-1.1570247933884297,-1.165289256198347,,,0.7768595041322314,1.0303030303030303,,1.7106814753873578,-0.1961151297485963,0
TEAM,2022-Q4,0.8283798847390441,-0.05571297152957,-0.11928679815908855,-12.309683047397499,,0.4830049970980771,0.401087859170537,,9.16223134538079,-0.5618050817144249,0
AZO,2020-Q3,0.5363395590039071,0.17690539952700304,0.12337499491778323,10.361917808219179,,,0.35943415947690405,0.16595222527836348,-8.902153808086549,-0.1698500038482015,0
CSGP,2022-Q3,0.8054230312737354,0.2554060629784117,0.12980297025969573,-13.348442192192191,0.11536112184795692,,0.49677602388848685,,0.22349346465258527,,0
CVNA,2023-Q3,0.1738189686260368,0.01730977280923188,0.28200504868373605,0.3137254901960784,-0.18103957471943297,,0.1561485755499459,1.5060931899641576,-35.777227722772274,-0.21523131672597864,0
DDOG,2022-Q3,0.7855855112900972,-0.0717975502424788,-0.05952585486091544,-8.407188841201716,0.6138719647452012,0.47049822121122575,0.3868848403213503,,1.1696280320356371,-0.061921580724641774,0
HUBS,2021-Q3,0.7947906071728652,-0.04400713453912941,-0.04049293179439555,-1.9723837209302326,0.4851894826718042,0.23135069797609045,0.6074470437359041,,1.4825629542556247,-0.2636812355511444,0
LULU,2023-Q2,0.5877836196028816,0.21694033718622194,0.15462991673324536,,0.18242888828942241,,0.3699927348115691,1.199665313011678,0.6959073231447054,0.5452835881369548,0
ANSS,2023-Q3,0.8577643609891128,0.1521725389335106,0.12097341950108437,9.476856250848378,-0.02902789564687383,0.26857964886278185,0.4240499569524515,,0.33289126787568907,0.7505154700967406,0
DXCM,2021-Q4,0.6768834144944142,0.12560870810655972,-0.007590948152391865,-6.219858156028369,0.2272807171734927,0.21455170438269835,0.3400171870524205,4.6158435072142066,1.4157974633955241,0.028115054831451564,0
GDDY,2020-Q3,0.6563240170535292,0.11451918522027475,0.0766224538133586,4.046025104602511,0.11032215793599232,0.16745618190431075,0.2271435338702037,,-38.898656898656895,-0.20319597925190888,0
IQV,2023-Q2,0.3446888412017167,0.1459227467811159,0.07966738197424893,3.296969696969697,0.052809940694719004,,0.12929184549356224,,3.5295755045233124,0.15056076202181595,0
TTD,2021-Q3,0.8226449810854526,0.26718168261422626,0.19722940904909148,253.77287066246058,0.3932109590815916,0.1854821299872796,0.3699811684839467,,1.294076514375805,0.20212095002768712,0
SNOW,2022-Q1,0.6497628861830003,-0.44691988796579313,-0.3925316842302147,39.66505568396722,0.845107769730117,0.3570273527301827,0.7396554214186106,,0.28668133383803646,-0.2969176095971079,0
TYL,2020-Q3,0.5022257529414235,0.17377671078510284,0.13747873985987555,195.49606299212599,0.03756717501815541,0.0757385930161752,0.23384054369964935,,0.3129465873260473,0.42455569719958125,0
WAT,2024-Q1,0.5889290699847214,0.22625498752431933,0.16047384032699002,6.780930867334933,-0.06986536658322062,0.07002554805845748,0.2740661297439384,1.301564365514421,2.5884395455721134,2.05213814082348,0
OKTA,2020-Q2,0.7448340201350987,-0.22643504983885934,-0.2998313760314499,-3.5018027479291467,0.4268650341685649,0.26873073047104956,0.7025383395029086,,3.5461597175702755,-0.26288348531226974,0
ULTA,2021-Q1,0.3888473623420766,0.15750374383743465,0.11879635948886753,852.8603351955308,0.6523205564221239,,0.22897634740747963,0.7947336519208833,1.7578994501595637,0.20194695122047102,0
MOH,2022-Q3,0.1487321811530213,0.04226062823262268,0.029014759682099156,11.964285714285714,0.1259943181818182,,0.07064463226945882,,3.206839855310753,0.2295786758383491,0
PINS,2023-Q2,0.7616750820945588,-0.10344691218530419,-0.049351364711698036,2.9429042108646737,0.06321234964635923,0.38048232760142653,0.4846396666784365,,0.18889658762711273,-0.7365175670155125,0
BURL,2021-Q1,0.4336427914882442,0.1051700272101896,0.0779785309415601,11.769427011582223,1.7364105583994471,,0.3031182293680379,1.1398865390833928,12.060100909070703,0.025029343172443683,0
MDB,2024-Q1,0.7276794928988528,-0.21791943821147414,-0.17887256109605582,4.6283586310926745,0.2234196806777452,0.32417364130495097,0.6214252898053759,,1.3907147179134862,-0.5906300658212797,0
NVR,2021-Q2,0.226061333477182,0.16491710720322222,0.14443080878915382,33.167706355664045,0.40018807143693375,,0.061144226273959795,3.9705247153544465,0.9243529869624441,1.6024049114210148,0
PODD,2022-Q2,0.6356045424181697,-0.08917835671342686,-0.11690046760187041,-3.216867469879518,0.13753799824292554,0.14228456913827656,0.58249832999332,3.539921231650555,4.004024621212121,-0.28201731574112565,0
SNAP,2020-Q3,0.5681319879528723,-0.24734332545515628,-0.2944783016143387,-6.605958049663531,0.5209984782574592,0.41793483706318846,0.3975404763448402,,1.1911213127697244,-1.614531731874513,0
ON,2022-Q2,0.497410071942446,0.33443645083932855,0.21860911270983213,33.2047619047619,0.24857775914725433,0.07750599520383693,0.07496402877697841,1.8806397011615013,0.9941775567919262,0.31961218682510406,0
TRU,2019-Q4,,0.17982545159326163,0.16825654556525269,2.337730870712401,,,0.35843312360462753,,2.0406087030862614,0.09166057470618005,0
